id,product_id,url
02201162-3ce6-49a4-ac69-c9dae85a1939,a72f1cb7-4d8f-4e82-822c-0dde306240af,http://dummyimage.com/126x100.png/5fa2dd/ffffff
02f76231-476b-45f6-b671-b8849e13b125,a895d359-6b39-41cc-9492-6951c4036f32,http://dummyimage.com/174x100.png/dddddd/000000
04213179-f661-4ac9-9a8f-2cdaaed9b866,a4fcd007-8283-496f-aa32-a3dd5a137d15,http://dummyimage.com/126x100.png/5fa2dd/ffffff
04b764cb-c4e7-4ecf-9727-1c0cfe11cfea,01cdd65a-387a-440d-8076-187240ccdd5f,http://dummyimage.com/155x100.png/5fa2dd/ffffff
04ff3911-f3ab-4797-b977-536bd8a9cea8,1e444222-dc24-4aee-886c-960dbe5406f9,http://dummyimage.com/156x100.png/cc0000/ffffff
055373a9-c889-4226-961a-61e414abe1ea,b86adaca-9621-4675-9248-6a0b4dddc686,http://dummyimage.com/232x100.png/ff4444/ffffff
05dbbb73-244c-43f9-9aaf-a67d5bb80687,e4d62499-d381-45ef-b40f-9ec2e8f5b170,http://dummyimage.com/198x100.png/dddddd/000000
068ca445-a044-4241-8dde-c0036c4a1b97,11e33645-62aa-4b36-9dde-5e691a7c3c6e,http://dummyimage.com/187x100.png/ff4444/ffffff
07fe4e75-a125-4c3e-b3a9-a30ed9b353b8,444603f8-aff1-4a83-8c5c-b55ac2dfc77a,http://dummyimage.com/173x100.png/cc0000/ffffff
0841569d-b77d-4c22-9fe3-e390f24ae637,59048f02-832b-4a49-a374-002e03ea5b0c,http://dummyimage.com/162x100.png/cc0000/ffffff
0a1e6d22-6554-49ec-89ae-378438bec63c,a895d359-6b39-41cc-9492-6951c4036f32,http://dummyimage.com/207x100.png/dddddd/000000
0a281456-4077-4427-9838-2e400706ca4a,e34fab75-e465-40cd-ae69-c562d7c0c8d3,http://dummyimage.com/178x100.png/cc0000/ffffff
0b1d2d71-0211-4406-a3f2-b1cd29bfd925,692be8ac-8e6f-4ccb-b5ed-fc31197f3f1a,http://dummyimage.com/228x100.png/cc0000/ffffff
0cd2f33e-44c3-4857-acaf-57cde6975268,08905ee0-0bca-459c-96aa-b441396b8c05,http://dummyimage.com/177x100.png/5fa2dd/ffffff
0d598a44-9489-4e1b-a683-442e6052349e,67e36de6-bf59-4fa6-a550-ce555da5902a,http://dummyimage.com/152x100.png/cc0000/ffffff
106e88f1-7c53-4b1a-83a7-d57cd5a1c249,b449e62b-d566-4d03-9e04-30af12436739,http://dummyimage.com/166x100.png/ff4444/ffffff
11bd187c-354a-4886-9e92-ad3ed060e891,b449e62b-d566-4d03-9e04-30af12436739,http://dummyimage.com/158x100.png/dddddd/000000
13f293db-e6bc-4f3d-b68e-0db027477fc8,ca4da321-df9d-4728-8284-338b1d287d0b,http://dummyimage.com/191x100.png/5fa2dd/ffffff
16980328-ee62-4345-a4b4-597d2f2c2dc5,c8dde494-3102-4d9e-81e7-3b5b0b67e60a,http://dummyimage.com/207x100.png/dddddd/000000
18d277e6-df74-4d5d-8fc0-331eea28ff40,1ae9c573-bec0-43fc-8582-87a48e3b0423,http://dummyimage.com/165x100.png/cc0000/ffffff
1c52fd50-677e-47da-b842-fca6a3948611,e4d44f76-ad30-4eff-8b6f-2ecb13aecbc7,http://dummyimage.com/165x100.png/5fa2dd/ffffff
1d3e069e-c5e6-4084-a7ce-09254315a274,6f979911-0b9d-401a-874e-5d727db4614b,http://dummyimage.com/126x100.png/cc0000/ffffff
1db25b5b-146a-447d-a291-7fe4646cfc6b,1504532c-a027-4240-ae13-6e950b0a0db2,http://dummyimage.com/229x100.png/dddddd/000000
1e8c7102-c9c9-409a-a831-397185f07b19,4efd6ee2-2e60-4bae-9779-288863f954b1,http://dummyimage.com/158x100.png/dddddd/000000
1ea54ef9-c001-465d-885c-67d252ef5ad8,26bc3254-1a41-4144-8288-a15f9bda60b4,http://dummyimage.com/181x100.png/ff4444/ffffff
1ea66cb2-9a1f-4288-9a85-6014e11298c4,fca9f809-6801-4635-9cd0-574f8a0ea510,http://dummyimage.com/122x100.png/dddddd/000000
1efc0ada-b70f-49d9-be3f-1e29bc10d2d8,57de06bf-1392-4653-b93e-da8473e07427,http://dummyimage.com/139x100.png/dddddd/000000
1f89fbca-2516-4676-8284-ed5b2ca3a4c4,0995cee7-3286-4c5d-936d-38cd25e46c69,http://dummyimage.com/160x100.png/5fa2dd/ffffff
20b37926-7ebb-4775-a6f4-e7c1896a896b,e4d44f76-ad30-4eff-8b6f-2ecb13aecbc7,http://dummyimage.com/158x100.png/5fa2dd/ffffff
20c4e5df-735d-4215-b658-fd7e98c840ec,2deb1157-04e0-47cb-8011-3bc67cc84304,http://dummyimage.com/129x100.png/5fa2dd/ffffff
20ea3dc9-9378-47eb-9a1e-646f87a2ad94,add2a2e9-6c92-4ac9-8625-a43edfdd09cb,http://dummyimage.com/198x100.png/ff4444/ffffff
2481c074-093d-4864-a868-9185644aee5d,d29a216c-dcaa-439a-95a5-b0ed7c7b8fe5,http://dummyimage.com/157x100.png/dddddd/000000
251eff75-c599-4ddd-bb8b-079439f3f16a,6aa8632f-6473-41ff-a40a-8007c494ce4c,http://dummyimage.com/215x100.png/dddddd/000000
25e270bc-23c1-4115-a4c1-ca93daf8d105,8449e048-bfb6-4dc7-93c3-94e1ade487b4,http://dummyimage.com/211x100.png/dddddd/000000
262fe4ca-cf15-4067-9cd6-76287aaff40c,c8dde494-3102-4d9e-81e7-3b5b0b67e60a,http://dummyimage.com/182x100.png/dddddd/000000
2641b805-f6cd-44ac-be40-323ec9037d1a,4f2ebc7e-fe66-40cb-aa4d-9ee65c52a3c4,http://dummyimage.com/241x100.png/5fa2dd/ffffff
26909d69-c91c-483d-b0d4-6c89db9b9d21,6aa8632f-6473-41ff-a40a-8007c494ce4c,http://dummyimage.com/196x100.png/ff4444/ffffff
26f7652a-3834-4ac1-a0db-6c9f9ddf16ff,23f76dac-f984-4532-82f6-8c105af71ef9,http://dummyimage.com/223x100.png/ff4444/ffffff
27d2113d-bb71-4bf7-b2a4-2988e7bd352f,5168b344-c576-4b1d-a390-6e6a7a6a557d,http://dummyimage.com/168x100.png/dddddd/000000
27f6a209-de09-42f3-9d4b-131a3249a5ea,d528945d-27f1-42ed-9e21-2c773f7784ce,http://dummyimage.com/114x100.png/dddddd/000000
2fadc313-27df-49b3-be10-56932e20058f,7b117048-715e-481f-8fc0-5d7c2ff685fe,http://dummyimage.com/213x100.png/ff4444/ffffff
317e79ab-1b58-437e-bf8c-afb04c3759b3,7c945d9f-17a0-4586-b1fa-ce84da7e684d,http://dummyimage.com/130x100.png/cc0000/ffffff
31d35bbc-055c-4409-b513-ddfc32d3a527,6a327346-16c1-4635-ad39-c69606084448,http://dummyimage.com/132x100.png/5fa2dd/ffffff
3419a034-6a40-4152-82d1-a43ad4c11cf9,3d98a75c-9316-4be7-a807-543e1a7d028b,http://dummyimage.com/234x100.png/dddddd/000000
3474bc6f-4f29-4b26-9aff-81d0767806b0,eea5328c-2961-4bde-af68-dd7bfaa4d8b5,http://dummyimage.com/197x100.png/cc0000/ffffff
34b7739d-0ee3-461b-917b-075ea7ac7235,60001eb6-9dca-453f-83a4-c8e148a0304d,http://dummyimage.com/143x100.png/5fa2dd/ffffff
353d4364-c548-46bf-b28d-7d419ec409c7,189a0bc2-eb46-490b-8be7-8fa56b5a8454,http://dummyimage.com/213x100.png/5fa2dd/ffffff
35e2b612-10f9-4ff0-837f-1a477d01a3b4,382dbcce-af5f-41d0-9111-9ca817d2309a,http://dummyimage.com/177x100.png/ff4444/ffffff
370c3df7-0a0b-4d9c-af14-3fbeaea43559,89e998a2-cc73-49c6-9a61-efc16983574d,http://dummyimage.com/235x100.png/5fa2dd/ffffff
3775466a-6739-4b23-a218-3ebbe459faf5,60001eb6-9dca-453f-83a4-c8e148a0304d,http://dummyimage.com/205x100.png/5fa2dd/ffffff
37fa4440-6786-4002-a127-1fbe014bb7eb,04b6e9c2-7e2a-4437-a0a4-43418b4aa911,http://dummyimage.com/232x100.png/dddddd/000000
3a125217-84d0-4772-a05f-ca73e1e3476e,0ed20d4d-6a10-49fa-a5ce-652ae1874234,http://dummyimage.com/192x100.png/ff4444/ffffff
3adf9b0f-2c83-4fbc-98a8-1317f1b40e97,cd148e47-b2c3-4810-91b0-f16de861208e,http://dummyimage.com/154x100.png/cc0000/ffffff
3b7b41f0-05b6-4207-b5a7-2b6d5876138e,58bca7ae-4381-405f-aa6c-eb2f7edca7b9,http://dummyimage.com/151x100.png/ff4444/ffffff
3b8caede-5990-4a23-b20d-17f7ecda82b9,eea5328c-2961-4bde-af68-dd7bfaa4d8b5,http://dummyimage.com/166x100.png/ff4444/ffffff
4238caf3-4712-45e4-b248-495de61c109c,57de06bf-1392-4653-b93e-da8473e07427,http://dummyimage.com/238x100.png/dddddd/000000
435a3e7d-237a-4ef5-998b-ce17fd4f0385,04b6e9c2-7e2a-4437-a0a4-43418b4aa911,http://dummyimage.com/120x100.png/ff4444/ffffff
4385af08-3352-41e3-84b2-2ce210f902ec,0ed20d4d-6a10-49fa-a5ce-652ae1874234,http://dummyimage.com/215x100.png/5fa2dd/ffffff
4437be1a-b14f-4795-bdcf-94a942d5e545,e92a098f-7c09-42f6-a619-a4a8b4cd47ea,http://dummyimage.com/194x100.png/ff4444/ffffff
466410d9-c9ff-4d6b-b8b2-b696ce84efa6,64f77d3e-4532-4411-85ae-9cd53040981e,http://dummyimage.com/236x100.png/dddddd/000000
4b39c98b-4e44-4dd5-9371-9d97e4cdf119,00be9d3b-cf5b-41f5-9257-5b669fe4021a,http://dummyimage.com/123x100.png/ff4444/ffffff
4bed7e6a-04c5-4427-9140-181c4c8999c9,f4126d5f-0c15-44e2-b8ac-f16e2290c0c2,http://dummyimage.com/109x100.png/dddddd/000000
4c0d0b71-b366-43a7-9a5f-38e134a3183f,5168b344-c576-4b1d-a390-6e6a7a6a557d,http://dummyimage.com/126x100.png/ff4444/ffffff
4ed31c89-57a7-4ba7-b712-906d6452b556,80b3aa0d-962f-459e-846c-4bf5badc1cf9,http://dummyimage.com/158x100.png/ff4444/ffffff
54288bf3-f17d-4eb7-a3f6-81e5ba0aaffa,8726db13-64c4-4142-9d84-147ab7343976,http://dummyimage.com/203x100.png/5fa2dd/ffffff
543e2112-2b9a-4725-b150-06d87aca4216,8231b1ac-c5f4-4f03-857a-655386f29c0e,http://dummyimage.com/161x100.png/ff4444/ffffff
5737d0ca-1f43-4cb1-bbaf-2095b33fc4da,7cdce920-80a5-41f3-bcb4-c5d72326d06e,http://dummyimage.com/174x100.png/cc0000/ffffff
606ff503-b2ac-48db-8ba1-34dacf55772e,36564811-0d09-4ac0-aee8-affd099f3ae2,http://dummyimage.com/145x100.png/dddddd/000000
614529bd-edcc-44fc-b708-6b0cdf6d012e,7f29a50a-46a7-4356-be4a-f2c6b9afc307,http://dummyimage.com/171x100.png/5fa2dd/ffffff
61832206-8ef6-498b-9c70-bba1cc5df21d,38778053-c3e2-4ee1-8e5b-87bad83396e5,http://dummyimage.com/167x100.png/cc0000/ffffff
62d8b274-8767-4ee6-8e93-b924c9f403a7,1cca1932-b09e-449a-9627-4beb7a420616,http://dummyimage.com/150x100.png/ff4444/ffffff
63a97f8a-dbe8-404c-aec7-7fccdffbf7bb,f6d99c9a-57c0-48ac-9aa6-1020153a968f,http://dummyimage.com/156x100.png/cc0000/ffffff
6b30769c-d1be-435e-97e4-813affd07654,5c3e32f6-f19b-4d46-bccb-dc400df36b36,http://dummyimage.com/119x100.png/cc0000/ffffff
6c5f41f9-45aa-4782-8b99-0db0c7e247be,e92a098f-7c09-42f6-a619-a4a8b4cd47ea,http://dummyimage.com/170x100.png/ff4444/ffffff
6c984cd6-627f-4638-8273-2619866a5a24,6f979911-0b9d-401a-874e-5d727db4614b,http://dummyimage.com/232x100.png/ff4444/ffffff
7080f7cf-18e9-4606-8c7a-db5ff5081ba4,8726db13-64c4-4142-9d84-147ab7343976,http://dummyimage.com/180x100.png/dddddd/000000
70aedaf6-1cf8-4b50-8298-8dd1cc5592b3,a5899a2d-b00c-46fa-b53b-95e4e601273b,http://dummyimage.com/117x100.png/dddddd/000000
7189b474-90a8-4b08-a9be-0298b20e19e6,1ae9c573-bec0-43fc-8582-87a48e3b0423,http://dummyimage.com/127x100.png/cc0000/ffffff
7227089d-3fd9-4553-a48e-9ae936d3c999,01cdd65a-387a-440d-8076-187240ccdd5f,http://dummyimage.com/222x100.png/cc0000/ffffff
73d5abf2-6375-4314-a417-36fc5cf64a79,23f76dac-f984-4532-82f6-8c105af71ef9,http://dummyimage.com/117x100.png/dddddd/000000
75f5be3f-262b-47c1-9b05-d9c0d5981c02,e7ad1ecd-92eb-4301-803c-2ee2ac753907,http://dummyimage.com/134x100.png/cc0000/ffffff
76dd15d2-3346-4312-9eaf-4b1892bbb2b7,93410def-e40c-4ade-ad4e-48aeb8baad65,http://dummyimage.com/104x100.png/cc0000/ffffff
76fcf0fa-290c-41af-88ae-a62bd0169d43,6fce5f7e-163a-4613-a1bf-a8c22c19c0dc,http://dummyimage.com/106x100.png/5fa2dd/ffffff
787ec722-c640-4a19-a4e6-abaa1d26d7a4,f29473ec-6636-461c-9d07-7000e74f3e07,http://dummyimage.com/132x100.png/5fa2dd/ffffff
789ea2d1-bb5c-4964-b564-73760eb52bf9,e34fab75-e465-40cd-ae69-c562d7c0c8d3,http://dummyimage.com/211x100.png/ff4444/ffffff
7941fee5-fcc5-44b9-8833-18aab0aea46a,ff3ebd62-a6e7-4dec-add1-18b13dfb3c0f,http://dummyimage.com/156x100.png/cc0000/ffffff
7ab9d13e-656b-4ff3-ad51-e12b419c3bfb,58bca7ae-4381-405f-aa6c-eb2f7edca7b9,http://dummyimage.com/133x100.png/ff4444/ffffff
7c364845-4f17-43fe-bc6b-f7c9d6cc2399,36564811-0d09-4ac0-aee8-affd099f3ae2,http://dummyimage.com/234x100.png/ff4444/ffffff
7c71ddd2-70b5-49e2-92ac-e37c3211f1b8,4f2ebc7e-fe66-40cb-aa4d-9ee65c52a3c4,http://dummyimage.com/164x100.png/cc0000/ffffff
80ae7e24-7a30-4028-a856-d818bdd42df8,d9906809-03eb-42b9-96bc-c120ec210778,http://dummyimage.com/184x100.png/ff4444/ffffff
81400231-56b4-4c9c-a347-a483ee83b3e6,ff4e9a30-7950-4df2-948e-7d33d7741af8,http://dummyimage.com/204x100.png/ff4444/ffffff
815bc238-d776-45be-8674-103f12ace086,08905ee0-0bca-459c-96aa-b441396b8c05,http://dummyimage.com/248x100.png/5fa2dd/ffffff
82643545-f679-49ca-ae80-1898a5400120,b87e9229-6c4a-49c2-827b-365a6c6fdaa1,http://dummyimage.com/221x100.png/cc0000/ffffff
82864692-0aec-45cf-ba8d-5cffc9ee40d7,7a09a625-4b7b-46f9-a661-1be1162daea7,http://dummyimage.com/114x100.png/cc0000/ffffff
82918eab-52bb-47d6-8f2c-1f5a7ab6c5ee,4efd6ee2-2e60-4bae-9779-288863f954b1,http://dummyimage.com/108x100.png/dddddd/000000
8315a591-81dc-47b0-94de-214405e41732,7cdce920-80a5-41f3-bcb4-c5d72326d06e,http://dummyimage.com/143x100.png/dddddd/000000
8413ce50-3c3d-4ac0-8f5a-660a2dedfec7,3d98a75c-9316-4be7-a807-543e1a7d028b,http://dummyimage.com/177x100.png/ff4444/ffffff
86e6bdea-917e-4805-a0dd-b54637b3febd,4fa97080-7031-480c-bc48-ac61eebbce12,http://dummyimage.com/190x100.png/5fa2dd/ffffff
88dd60d6-b450-42a9-86e8-64b03b504303,7f29a50a-46a7-4356-be4a-f2c6b9afc307,http://dummyimage.com/237x100.png/5fa2dd/ffffff
89875a44-cdc9-4d79-8c51-9dbe2040f25d,35dd8932-9e64-480f-aab3-66051a2a53b0,http://dummyimage.com/113x100.png/5fa2dd/ffffff
89c3e19b-8e96-46f4-87f4-281599c596a8,4fa97080-7031-480c-bc48-ac61eebbce12,http://dummyimage.com/210x100.png/cc0000/ffffff
89c46e66-dac3-4591-900c-1b6946b0cc1b,1eafc798-cd5a-4591-8468-af6eb17ad2cc,http://dummyimage.com/229x100.png/cc0000/ffffff
8acdb9f1-687f-4185-b318-f3a34e21b134,0b4538a4-66e6-44f1-8dec-32479d7a4e1a,http://dummyimage.com/175x100.png/cc0000/ffffff
8b114507-daa0-4d6e-87d6-4eaf9faac053,b86adaca-9621-4675-9248-6a0b4dddc686,http://dummyimage.com/173x100.png/5fa2dd/ffffff
8cbcd688-847e-4c76-b40a-c2599cd9cfbb,80b3aa0d-962f-459e-846c-4bf5badc1cf9,http://dummyimage.com/210x100.png/dddddd/000000
8cd77e8a-5ccc-48a5-a51e-6b9f72b0044e,1e1c56f6-4e8a-4b69-9e80-98a6401562d2,http://dummyimage.com/194x100.png/5fa2dd/ffffff
8d3fbe43-b6c1-4483-b2c0-ec240557e3a8,00be9d3b-cf5b-41f5-9257-5b669fe4021a,http://dummyimage.com/159x100.png/dddddd/000000
8e59dad3-4594-400f-9e67-e009edcb9bc2,3cee7ae1-2d88-4110-89a7-db9a7fa5bd3f,http://dummyimage.com/235x100.png/cc0000/ffffff
8f39aac6-a433-4af7-8ef2-8892ef15dc26,3d33b283-360c-445e-958f-4b729df3c175,http://dummyimage.com/188x100.png/dddddd/000000
8f3e25fc-a392-4a79-a16b-8f1629a3b5fc,e4d62499-d381-45ef-b40f-9ec2e8f5b170,http://dummyimage.com/231x100.png/ff4444/ffffff
913d85ae-384a-4711-a509-d89a57877ee6,1eafc798-cd5a-4591-8468-af6eb17ad2cc,http://dummyimage.com/134x100.png/5fa2dd/ffffff
915f538c-e854-4b2f-b608-de54624faa88,2a61c9b7-38d1-4796-9ec1-c61f7f677c75,http://dummyimage.com/190x100.png/5fa2dd/ffffff
934da25e-6092-4b65-8876-fdcfb5a493d1,887e33af-9da4-4f9a-a0c0-cc72b87222d3,http://dummyimage.com/178x100.png/5fa2dd/ffffff
9475ea66-8bdb-4be9-88c1-63454cc0a8e8,add2a2e9-6c92-4ac9-8625-a43edfdd09cb,http://dummyimage.com/250x100.png/dddddd/000000
94e4ac93-c86f-4147-a625-018bc48a4db2,b416a0da-28de-4301-836b-df1cfa4d5df2,http://dummyimage.com/250x100.png/5fa2dd/ffffff
95f120dd-30fa-4209-979b-08d6ac701b7e,1504532c-a027-4240-ae13-6e950b0a0db2,http://dummyimage.com/200x100.png/ff4444/ffffff
983a03f3-4dd7-4995-8932-94e6e755e6eb,ff4e9a30-7950-4df2-948e-7d33d7741af8,http://dummyimage.com/179x100.png/5fa2dd/ffffff
997c6872-9fc4-4a7b-afbc-6f7246bd9dd7,2a61c9b7-38d1-4796-9ec1-c61f7f677c75,http://dummyimage.com/178x100.png/dddddd/000000
9c13204f-e165-4388-8d0f-40ec1eb09e3b,74ae9901-7092-47f1-8f42-02eb84e0e407,http://dummyimage.com/239x100.png/dddddd/000000
9e04f693-bf12-4297-9c74-6166b1b46f40,f29473ec-6636-461c-9d07-7000e74f3e07,http://dummyimage.com/245x100.png/cc0000/ffffff
9f3051f9-71b1-45c6-8c4a-6af84a47c91d,6a327346-16c1-4635-ad39-c69606084448,http://dummyimage.com/250x100.png/ff4444/ffffff
9f79c628-f0bd-4513-ae51-5ad0cc399015,a4fcd007-8283-496f-aa32-a3dd5a137d15,http://dummyimage.com/193x100.png/cc0000/ffffff
9fdb0a00-a67c-4a37-9a85-4b9f03561eb3,c6addf75-5668-44db-beab-7ee62a32acff,http://dummyimage.com/108x100.png/5fa2dd/ffffff
a14879c0-c534-481a-b907-c614d9795ca6,382dbcce-af5f-41d0-9111-9ca817d2309a,http://dummyimage.com/121x100.png/5fa2dd/ffffff
a14bfe4c-67cb-47d0-b0cf-7a09c03503b4,b416a0da-28de-4301-836b-df1cfa4d5df2,http://dummyimage.com/166x100.png/5fa2dd/ffffff
a2b0cb53-5a0c-45d6-bdff-210706851394,35dd8932-9e64-480f-aab3-66051a2a53b0,http://dummyimage.com/208x100.png/ff4444/ffffff
a2c41e06-ebae-4da0-87d9-90389c00c29a,811029d1-8c01-45db-ab43-2908e0aa8060,http://dummyimage.com/185x100.png/5fa2dd/ffffff
a2d56c1a-2c9d-4d12-9b0e-1cb943214992,167c4a65-9070-4ca4-8cde-704d6f7d94e5,http://dummyimage.com/223x100.png/5fa2dd/ffffff
a5be9a20-bb44-4eea-84d4-91b88c14e6b6,f4126d5f-0c15-44e2-b8ac-f16e2290c0c2,http://dummyimage.com/111x100.png/cc0000/ffffff
a799daff-1cff-419f-be5e-f02da30c110d,167ec69a-1601-470e-911d-d0a2847ed854,http://dummyimage.com/133x100.png/cc0000/ffffff
a8dd47a4-07c6-47a7-bfe8-58a5e01addba,2deb1157-04e0-47cb-8011-3bc67cc84304,http://dummyimage.com/220x100.png/ff4444/ffffff
a9c0264d-67bb-41d9-8411-e2b99c9cb877,26bc3254-1a41-4144-8288-a15f9bda60b4,http://dummyimage.com/149x100.png/cc0000/ffffff
aa22308d-a078-4a35-a714-124971296192,59048f02-832b-4a49-a374-002e03ea5b0c,http://dummyimage.com/232x100.png/5fa2dd/ffffff
aa4d2a43-5b98-486a-b3b5-aaf4ebc8b2bf,7a09a625-4b7b-46f9-a661-1be1162daea7,http://dummyimage.com/162x100.png/dddddd/000000
abab0640-5f5f-4080-829f-f7d77458a35c,052be4df-493a-4599-9e0e-1d6d17dde0af,http://dummyimage.com/188x100.png/cc0000/ffffff
abb36030-64ad-4549-b5ad-9664e94a188f,d61f2442-e828-4fe2-94ef-045903ad2663,http://dummyimage.com/177x100.png/cc0000/ffffff
ac81df6c-7c7b-4493-8c76-a6b986fbc867,98236dc4-6aa6-4735-a411-893870bad59f,http://dummyimage.com/132x100.png/ff4444/ffffff
adae679f-e533-4c15-9664-b015ae08ee8a,e27be861-cd2d-4278-b0ca-89e9e0f4e08d,http://dummyimage.com/113x100.png/ff4444/ffffff
afd26499-c4b9-4c6c-8c44-981a73dc235d,f6d99c9a-57c0-48ac-9aa6-1020153a968f,http://dummyimage.com/133x100.png/5fa2dd/ffffff
b0d5fdd5-bb13-4aab-ad49-6cf12279c6a4,67e36de6-bf59-4fa6-a550-ce555da5902a,http://dummyimage.com/219x100.png/dddddd/000000
b1b92fa8-fcb8-4341-83b2-95fda360ec83,38778053-c3e2-4ee1-8e5b-87bad83396e5,http://dummyimage.com/157x100.png/dddddd/000000
b1efe422-7312-4d5b-81c2-68a531c47a9b,c6addf75-5668-44db-beab-7ee62a32acff,http://dummyimage.com/128x100.png/ff4444/ffffff
b26e16a4-40a0-420e-81d8-7e89cc7eeb50,811029d1-8c01-45db-ab43-2908e0aa8060,http://dummyimage.com/232x100.png/ff4444/ffffff
b2e63e7c-fdb0-4a8a-84d0-6404052eecdd,9f15e676-1db3-4037-b633-0436f65b232a,http://dummyimage.com/125x100.png/dddddd/000000
b3840275-2a39-44be-b21c-2e962641ac8b,ff3ebd62-a6e7-4dec-add1-18b13dfb3c0f,http://dummyimage.com/147x100.png/ff4444/ffffff
b3a0b049-bf01-46c3-8548-8478ae1f01a3,f2c00dc9-b2d3-4b07-b05c-72ae98ad65e0,http://dummyimage.com/123x100.png/dddddd/000000
b6b5704a-7007-47f9-a224-ec6585c053fb,e7ad1ecd-92eb-4301-803c-2ee2ac753907,http://dummyimage.com/131x100.png/5fa2dd/ffffff
b7721cef-844f-4d34-8ff6-d735c20706c0,2b1f76e8-dcd5-4608-8adf-86a5f37aa2b3,http://dummyimage.com/120x100.png/5fa2dd/ffffff
b9baefa1-237c-4e29-9e9a-eb3ad5bdd1c3,93410def-e40c-4ade-ad4e-48aeb8baad65,http://dummyimage.com/149x100.png/cc0000/ffffff
bb1b5afb-129d-4244-9ab8-4b583d5fd159,11e33645-62aa-4b36-9dde-5e691a7c3c6e,http://dummyimage.com/243x100.png/cc0000/ffffff
be46d5a1-dbb4-468c-b763-6d14e85edcbf,189a0bc2-eb46-490b-8be7-8fa56b5a8454,http://dummyimage.com/223x100.png/ff4444/ffffff
bee16245-50cd-492a-b0ae-85ce1e066e88,a8726d3a-c51c-481c-9b23-fd5121599b7e,http://dummyimage.com/236x100.png/dddddd/000000
bff529d3-9ad8-4cad-8fcb-f6bed5bf05e0,692be8ac-8e6f-4ccb-b5ed-fc31197f3f1a,http://dummyimage.com/188x100.png/5fa2dd/ffffff
c33009ca-81fa-4a18-ace2-60222080b72f,2875f464-af90-4a8a-8e5b-a46d3244518a,http://dummyimage.com/178x100.png/cc0000/ffffff
c3b2df99-c58e-43bd-8b2f-872c049e3d9d,3cee7ae1-2d88-4110-89a7-db9a7fa5bd3f,http://dummyimage.com/220x100.png/ff4444/ffffff
c68c83d9-d00e-4754-be16-ae8841cd59fe,aea1e1ab-842d-439d-a923-e413a26f6389,http://dummyimage.com/211x100.png/cc0000/ffffff
c6c7e8a0-3cb8-4c01-9853-d00578dcd284,e27be861-cd2d-4278-b0ca-89e9e0f4e08d,http://dummyimage.com/197x100.png/ff4444/ffffff
c6d22ed1-1622-4cc4-aa4b-31bb7b507cf4,8231b1ac-c5f4-4f03-857a-655386f29c0e,http://dummyimage.com/176x100.png/5fa2dd/ffffff
c6dda32a-08fe-4498-a82c-461c13d7a42a,d9906809-03eb-42b9-96bc-c120ec210778,http://dummyimage.com/180x100.png/ff4444/ffffff
c6ea4435-2fd1-4711-8204-2d9c04c0bb47,d29a216c-dcaa-439a-95a5-b0ed7c7b8fe5,http://dummyimage.com/148x100.png/ff4444/ffffff
c6ed571c-47f7-4a60-8ae5-8819badcd03e,a8726d3a-c51c-481c-9b23-fd5121599b7e,http://dummyimage.com/163x100.png/ff4444/ffffff
c86548b9-1b64-45a0-8558-1f0d12eeba1f,cd148e47-b2c3-4810-91b0-f16de861208e,http://dummyimage.com/217x100.png/ff4444/ffffff
ccc4b804-077a-4c40-a79c-e9cbf7b03339,b17383d8-53bb-4eff-bcb4-a2aad1eefe47,http://dummyimage.com/244x100.png/cc0000/ffffff
cd1b2cc2-a51a-4a52-8498-4b7e691f09ce,74ae9901-7092-47f1-8f42-02eb84e0e407,http://dummyimage.com/237x100.png/5fa2dd/ffffff
cd9cf45c-5e62-48c2-afca-af49fd6e3f90,f2c00dc9-b2d3-4b07-b05c-72ae98ad65e0,http://dummyimage.com/190x100.png/5fa2dd/ffffff
cde28993-e19b-4253-b694-615dfecaffe6,2b1f76e8-dcd5-4608-8adf-86a5f37aa2b3,http://dummyimage.com/196x100.png/dddddd/000000
cde65d6b-2ad3-4e8c-8179-96f3199cd32b,3d33b283-360c-445e-958f-4b729df3c175,http://dummyimage.com/125x100.png/dddddd/000000
ce57d43e-8b73-4a73-8d3d-e7f3f123a4db,8449e048-bfb6-4dc7-93c3-94e1ade487b4,http://dummyimage.com/209x100.png/5fa2dd/ffffff
cf26d062-b3f1-4a60-9c26-ebd4708f2130,167c4a65-9070-4ca4-8cde-704d6f7d94e5,http://dummyimage.com/195x100.png/ff4444/ffffff
d3a4f5f5-160c-48f0-97f4-ac66a901587a,9f15e676-1db3-4037-b633-0436f65b232a,http://dummyimage.com/187x100.png/ff4444/ffffff
d4a333c0-27a5-4404-a5b8-522ddb08ac37,b17383d8-53bb-4eff-bcb4-a2aad1eefe47,http://dummyimage.com/215x100.png/ff4444/ffffff
d4d7f704-adc0-4e07-a1d7-f500116f1adb,d528945d-27f1-42ed-9e21-2c773f7784ce,http://dummyimage.com/244x100.png/5fa2dd/ffffff
d575871c-6f0d-42f2-8974-f071c70df545,0b4538a4-66e6-44f1-8dec-32479d7a4e1a,http://dummyimage.com/194x100.png/5fa2dd/ffffff
d8a02109-6708-4c6f-ac68-113324ff8e4d,d61f2442-e828-4fe2-94ef-045903ad2663,http://dummyimage.com/145x100.png/cc0000/ffffff
d9481135-f713-4320-8dd3-e6d916e7faa2,ac79e893-954f-44fe-98c8-7bbef3166abe,http://dummyimage.com/228x100.png/ff4444/ffffff
d9d579d8-e6a9-4b1c-90e2-303110dff0e7,ca4da321-df9d-4728-8284-338b1d287d0b,http://dummyimage.com/230x100.png/5fa2dd/ffffff
dc26c4d5-13ad-4c26-883c-c9e816a52ede,98236dc4-6aa6-4735-a411-893870bad59f,http://dummyimage.com/177x100.png/ff4444/ffffff
dd0d51d2-9c46-4538-bcc1-851f138a0bdf,6fce5f7e-163a-4613-a1bf-a8c22c19c0dc,http://dummyimage.com/124x100.png/ff4444/ffffff
de5f43b4-2835-49b7-91f0-c655219f07b4,a5899a2d-b00c-46fa-b53b-95e4e601273b,http://dummyimage.com/227x100.png/dddddd/000000
df1aac7a-7402-487b-9efe-41a6307c6a76,5c3e32f6-f19b-4d46-bccb-dc400df36b36,http://dummyimage.com/145x100.png/5fa2dd/ffffff
df2c5b7d-2f6b-47b5-9586-7b89b24c0a47,89e998a2-cc73-49c6-9a61-efc16983574d,http://dummyimage.com/203x100.png/5fa2dd/ffffff
e100693c-2046-4fbf-946d-3c5b1f829b22,1e444222-dc24-4aee-886c-960dbe5406f9,http://dummyimage.com/172x100.png/cc0000/ffffff
e1064603-4742-4ae5-bbc7-a2743ca80c09,b87e9229-6c4a-49c2-827b-365a6c6fdaa1,http://dummyimage.com/165x100.png/5fa2dd/ffffff
e1465684-6a91-43d3-8c6d-948b573b1b2b,052be4df-493a-4599-9e0e-1d6d17dde0af,http://dummyimage.com/102x100.png/cc0000/ffffff
e16cf824-6500-41b1-b385-1d879f37c137,fca9f809-6801-4635-9cd0-574f8a0ea510,http://dummyimage.com/168x100.png/cc0000/ffffff
e325f054-ed1f-482f-a432-74a56d7ecfe2,a72f1cb7-4d8f-4e82-822c-0dde306240af,http://dummyimage.com/155x100.png/cc0000/ffffff
e5911457-429a-43e0-81ac-763f9e792cc5,478e5580-a763-4da8-ba2d-55759aa6acb1,http://dummyimage.com/209x100.png/dddddd/000000
e6b304d3-3ea4-4948-8318-deee4713bc0a,887e33af-9da4-4f9a-a0c0-cc72b87222d3,http://dummyimage.com/184x100.png/5fa2dd/ffffff
e74211e7-60fc-48d5-9987-110a3074a4d6,ac79e893-954f-44fe-98c8-7bbef3166abe,http://dummyimage.com/192x100.png/5fa2dd/ffffff
ead6fa46-7ff8-4f51-957f-d9510ffcda84,478e5580-a763-4da8-ba2d-55759aa6acb1,http://dummyimage.com/120x100.png/cc0000/ffffff
ec3ad3c2-a3a8-41e6-b145-f7ffdd550815,167ec69a-1601-470e-911d-d0a2847ed854,http://dummyimage.com/128x100.png/5fa2dd/ffffff
f0ae203d-ee67-4aa4-94e0-23cb8ef9bc36,1e1c56f6-4e8a-4b69-9e80-98a6401562d2,http://dummyimage.com/171x100.png/cc0000/ffffff
f11a5939-1348-468c-9e69-6918ac3fd580,0995cee7-3286-4c5d-936d-38cd25e46c69,http://dummyimage.com/161x100.png/5fa2dd/ffffff
f1429147-a5c4-4359-b5fc-078b87ba5912,aea1e1ab-842d-439d-a923-e413a26f6389,http://dummyimage.com/223x100.png/5fa2dd/ffffff
f31bcd1e-25d5-490a-8e9a-b76d7ea291dc,2875f464-af90-4a8a-8e5b-a46d3244518a,http://dummyimage.com/114x100.png/ff4444/ffffff
f8ef8bd7-db63-4a91-844f-aa0c50971aa7,7b117048-715e-481f-8fc0-5d7c2ff685fe,http://dummyimage.com/109x100.png/cc0000/ffffff
f99bdacb-1474-4f18-a2e1-175cbdaadf00,1cca1932-b09e-449a-9627-4beb7a420616,http://dummyimage.com/169x100.png/5fa2dd/ffffff
fb32e0ac-2650-41f0-8b5b-fbfcf1c9a79b,444603f8-aff1-4a83-8c5c-b55ac2dfc77a,http://dummyimage.com/125x100.png/dddddd/000000
fd611922-d9c1-43d3-b27b-9ef1e574ffb0,64f77d3e-4532-4411-85ae-9cd53040981e,http://dummyimage.com/153x100.png/5fa2dd/ffffff
ffe9bc71-21f5-46cd-b9ed-6ad23d9600c3,7c945d9f-17a0-4586-b1fa-ce84da7e684d,http://dummyimage.com/118x100.png/dddddd/000000
